Governate,Area Name,ATM Name,Latitude,Longitude,Description
Al-Behera,Abu Al Matamir,Abu Al Matamir,30.912211,30.170589,Withdrawal
Al-Behera,Abu Al Matamir,Abu Al Matamir,30.9107890830001,30.1770190500001,Withdrawal -Deposit – Forex
Al-Behera,Abu Al Matamir,Abu Al Matamir,30.814059021,29.988302447,Withdrawal -Deposit – Forex
Al-Behera,Abu Al Matamir,Abu Al Matamir,30.91584,30.176447,Withdrawal
Al-Behera,Abu Al Matamir,Higher Institute of Administrative Scie. Janaklis,30.8601142,30.15493118,"سحب فقط"
Al-Behera,Abu Al Matamir,Etsalat - Almostaqbal Franchiez -Abo Almatamir,30.9063534,30.1736873,"سحب فقط"
Al-Behera,Abu Al Matamir,Etsalat Albehera,30.91158881,30.17717889,"سحب فقط"
Al-Behera,Abu Al Matamir,Abo Almatamir Health Administration,30.912211,30.170589,"Cash Dispenser only"
Al-Behera,Abu Al Matamir,Abu Almatamir Central Hospital,30.91584,30.176447,"Cash Dispenser only"
Al-Behera,Abu Al Matamir,Tamwely Abu El Matamir,30.91290404,30.17689168,"withdrawal,deposit"
Al-Behera,Abu Al Matamir,Tanmiya Abu El Matamir,30.91144225,30.17490715,"withdrawal,deposit "
Al-Behera,Abu Al Matamir,Tanmiya Nasser,30.92230447,29.95121672,"withdrawal,deposit"
Al-Behera,Abu Homos,Abu Homos,31.099697,30.311892,Withdrawal
Al-Behera,Abu Homos,Abu Homos,31.100602,30.31555,Withdrawal
Al-Behera,Abu Homos,Abu Homos,31.1033,30.310782,Withdrawal
Al-Behera,Abu Homos,Abu Homos,31.0978261990001,30.314743218,Withdrawal -Deposit – Forex
Al-Behera,Abu Homos,Abu Homos,31.105004,30.314502,Withdrawal
Al-Behera,Abu Homos,Abo Homos Educational Administration,31.1033,30.310782,withdrawal only
Al-Behera,Abu Homos,The local unit Abo Homos,31.100602,30.31555,withdrawal only
Al-Behera,Abu Homos,Abu Homos Central Hospital,31.105004,30.314502,"Cash Dispenser only"
Al-Behera,Abu Homos,Abo Homos Health Administration,31.099697,30.311892,"Cash Dispenser only"
Al-Behera,Al Mahmoudeya,Al Mahmoudeya,31.182750578,30.5275566920001,Withdrawal -Deposit - Forex
Al-Behera,Al Mahmoudeya,Al Mahmoudeya,31.184945,30.52952,Withdrawal
Al-Behera,Al Mahmoudeya,Al Mahmoudeya,31.175947,30.529477,Withdrawal
Al-Behera,Al Mahmoudeya,Al Mahmoudeya,31.183878,30.519738,Withdrawal
Al-Behera,Al Mahmoudeya,Misr Exchange Almahmoudia,31.1824926,30.52713284,"سحب فقط"
Al-Behera,Al Mahmoudeya,Etsalat - Almostaqbal Franchiez -Almahmoudia,31.1838385,30.52745446,"سحب فقط"
Al-Behera,Al Mahmoudeya,Alatf Electricity Production Station - Mahmoudiya,31.184945,30.52952,withdrawal only
Al-Behera,Al Mahmoudeya,Mahmoudia power plant,31.175947,30.529477,withdrawal only
Al-Behera,Al Mahmoudeya,Mahmoudia General Hospital,31.183878,30.519738,withdrawal only
Al-Behera,Al Mahmoudeya,Tanmiya Mahmoudia,31.18416312,30.52710423,"withdrawal,deposit"
Al-Behera,Al Rahmaneya,Al Rahmaneya,31.1069183720001,30.6417291550001,Withdrawal -Deposit - Forex
Al-Behera,Al Rahmaneya,Al Rahmaneya,31.103395,30.638362,Withdrawal
Al-Behera,Al Rahmaneya,Tanmiya Rahmania,31.10958367,30.63910172,"withdrawal,deposit"
Al-Behera,All Areas,Wady El- Natroun,30.39891242980957,30.36785316467285,Withdraws -Deposits- Forex
Al-Behera,All Areas,Al Rahmaneya,31.1069183720001,30.6417291550001,Withdrawal -Deposit - Forex
Al-Behera,All Areas,Housh Eissa,30.9135036000001,30.293657642,Withdrawal
Al-Behera,All Areas,Shabrakhiet,31.024659,30.607641,Withdrawal
Al-Behera,All Areas,Al Mahmoudeya,31.182750578,30.5275566920001,Withdrawal -Deposit - Forex
Al-Behera,All Areas,Koum Hamada,30.763683,30.704811,Withdrawal -Deposit - Forex
Al-Behera,All Areas,Al Rahmaneya,31.103395,30.638362,Withdrawal
Al-Behera,All Areas,Etay Al Barroud,30.886466,30.662967,Withdrawal
Al-Behera,All Areas,Markaz Badr,30.571713,30.711668,Withdrawal
Al-Behera,All Areas,Housh Eissa,30.912765,30.295561,Withdrawal
Al-Behera,All Areas,Damanhour,31.026177,30.451221,Withdrawal
Al-Behera,All Areas,Abu Al Matamir,30.912211,30.170589,Withdrawal
Al-Behera,All Areas,El Dalangat,30.829702,30.535141,Withdrawal
Al-Behera,All Areas,Abu Homos,31.099697,30.311892,Withdrawal
Al-Behera,All Areas,Markaz Badr,30.57747,30.710336,Withdrawal
Al-Behera,All Areas,Damanhour,31.051574,30.463915,Withdrawal
Al-Behera,All Areas,Alnobaria Algadida,30.670594383,30.0727764270001,Withdrawal
Al-Behera,All Areas,Markaz Badr,30.663293,30.566847,Withdrawal
Al-Behera,All Areas,Abu Homos,31.100602,30.31555,Withdrawal
Al-Behera,All Areas,El Dalangat,30.768322,30.594444,Withdrawal
Al-Behera,All Areas,Damanhour,31.032701,30.464771,Withdrawal
Al-Behera,All Areas,Abu Homos,31.1033,30.310782,Withdrawal
Al-Behera,All Areas,Abu Homos,31.0978261990001,30.314743218,Withdrawal -Deposit – Forex
Al-Behera,All Areas,Markaz Badr,30.5772673060001,30.710091317,Withdrawal
Al-Behera,All Areas,Damanhour,31.036388,30.457638,Withdrawal -Deposit – Forex
Al-Behera,All Areas,Damanhour,31.037774,30.433125,Withdrawal -Deposit – Forex
Al-Behera,All Areas,Damanhour,31.052879,30.462731,Withdrawal -Deposit – Forex
Al-Behera,All Areas,Alnobaria Algadida,30.671835,30.073109,Withdrawal
Al-Behera,All Areas,Damanhour,31.03936,30.455253,Withdrawal
Al-Behera,All Areas,Damanhour,31.03975,30.458095,Withdrawal
Al-Behera,All Areas,Rashid,31.4063106180001,30.423861399,Withdrawal -Deposit – Forex
Al-Behera,All Areas,Shabrakhiet,31.030521676,30.7135767940001,Withdrawal -Deposit – Forex
Al-Behera,All Areas,Alnobaria Algadida,30.632194,30.2275,Withdrawal
Al-Behera,All Areas,Alnobaria Algadida,30.662002,30.08606,Withdrawal
Al-Behera,All Areas,Damanhour,31.044442,30.470853,Withdrawal
Al-Behera,All Areas,Etay Al Barroud,30.884833879,30.6636461690001,Withdrawal
Al-Behera,All Areas,Abu Al Matamir,30.9107890830001,30.1770190500001,Withdrawal -Deposit – Forex
Al-Behera,All Areas,Damanhour,31.034502812,30.4746979810001,Withdrawal
Al-Behera,All Areas,Damanhour,31.034494636,30.4747126180001,Withdrawal
Al-Behera,All Areas,Damanhour,31.0424194780001,30.4689092350001,Withdrawal -Deposit – Forex
Al-Behera,All Areas,Abu Al Matamir,30.814059021,29.988302447,Withdrawal -Deposit – Forex
Al-Behera,All Areas,Housh Eissa,30.9177083330001,30.3004362770001,Withdrawal -Deposit – Forex
Al-Behera,All Areas,Kafr Al-Dawar,31.133868218,30.135129858,Withdrawal
Al-Behera,All Areas,Koum Hamada,30.7637538990001,30.6997476380001,Withdrawal -Deposit – Forex
Al-Behera,All Areas,El Dalangat,30.827806,30.536877,Withdrawal
Al-Behera,All Areas,El Dalangat,30.82785,30.536831,Withdrawal
Al-Behera,All Areas,Etay Al Barroud,30.884864,30.665297,Withdrawal
Al-Behera,All Areas,Housh Eissa,30.915766,30.297315,Withdrawal
Al-Behera,All Areas,Rashid,31.40487,30.423086,Withdrawal
Al-Behera,All Areas,Kafr Al-Dawar,31.135432,30.129149,Withdrawal
Al-Behera,All Areas,Koum Hamada,30.760111,30.694501,Withdrawal
Al-Behera,All Areas,Wady Elnatroon,30.395427,30.37151,Withdrawal
Al-Behera,All Areas,Shabrakhiet,31.027977,30.711581,Withdrawal
Al-Behera,All Areas,Al Mahmoudeya,31.184945,30.52952,Withdrawal
Al-Behera,All Areas,Al Mahmoudeya,31.175947,30.529477,Withdrawal
Al-Behera,All Areas,Koum Hamada,30.699037,30.668604,Withdrawal
Al-Behera,All Areas,Etay Al Barroud,30.886553,30.667319,Withdrawal
Al-Behera,All Areas,Damanhour,31.036522,30.456495,Withdrawal
Al-Behera,All Areas,Damanhour,31.04408,30.475274,Withdrawal
Al-Behera,All Areas,Abu Homos,31.105004,30.314502,Withdrawal
Al-Behera,All Areas,Shabrakhiet,31.027458,30.704211,Withdrawal
Al-Behera,All Areas,Kafr Al-Dawar,31.139199,30.121385,Withdrawal
Al-Behera,All Areas,Kafr Al-Dawar,31.139143,30.12155,Withdrawal
Al-Behera,All Areas,Rashid,31.392898,30.414696,Withdrawal
Al-Behera,All Areas,El Dalangat,30.833752,30.530286,Withdrawal
Al-Behera,All Areas,Kafr Al-Dawar,31.130591,30.122248,Withdrawal
Al-Behera,All Areas,Al Mahmoudeya,31.183878,30.519738,Withdrawal
Al-Behera,All Areas,Abu Al Matamir,30.91584,30.176447,Withdrawal
Al-Behera,All Areas,Rashid,31.288168,30.513992,Withdrawal
Al-Behera,All Areas,Damanhour,31.041921,30.473102,Withdrawal
Al-Behera,All Areas,Etay Al Barroud,30.880486,30.653383,Withdrawal -Deposit – Forex
Al-Behera,All Areas,Edco,31.301812,30.301819,Withdrawal -Deposit – Forex
Al-Behera,All Areas,Damanhour,31.040307,30.468207,Withdrawal
Al-Behera,All Areas,Misr Exchange Almahmoudia,31.1824926,30.52713284,"سحب فقط"
Al-Behera,All Areas,19011 Pharmacy Damanhour,31.04438807,30.4667885,"سحب فقط"
Al-Behera,All Areas,Higher Institute of Administrative Scie. Janaklis,30.8601142,30.15493118,"سحب فقط"
Al-Behera,All Areas,Etsalat - Almostaqbal Franchiez -Abo Almatamir,30.9063534,30.1736873,"سحب فقط"
Al-Behera,All Areas,Etsalat Albehera,30.91158881,30.17717889,"سحب فقط"
Al-Behera,All Areas,Etisalat -Franchiez Almostaqbal - Albostan,30.82974495,30.52961337,"سحب فقط"
Al-Behera,All Areas,Etsalat - Almostaqbal Franchiez -Almahmoudia,31.1838385,30.52745446,"سحب فقط"
Al-Behera,All Areas,Albuhiera Azhar Area 2,31.05193166,30.46430279,"سحب - إيداع - تغيير عملة"
Al-Behera,All Areas,Middle Damanhour Electricity Company,31.04444207,30.47085251,"سحب فقط"
Al-Behera,All Areas,Damanhour train station,31.03428061,30.46823018,"سحب فقط"
Al-Behera,All Areas,Alekhlas Mall,30.7009946,30.2682834,"سحب فقط"
Al-Behera,All Areas,Saft Alinab Local Unit,30.81082688,30.68590817,"سحب فقط"
Al-Behera,All Areas,Carrefour - Damanhour,31.03732147,30.45559064,"سحب - إيداع - تغيير عملة - صرف من الإيداعات GBRU"
Al-Behera,All Areas,Rashid Main Hospital,31.40949916,30.42373416,"سحب فقط"
Al-Behera,All Areas,Rashid Health Unit ,31.39517685,30.42186514,"سحب فقط"
Al-Behera,All Areas,The local unit Alwafaieah Village,30.76832208,30.59444399,"سحب فقط"
Al-Behera,All Areas,Waqed Village Local Unit,30.69531566,30.73931943,"سحب فقط"
Al-Behera,All Areas,Wady Alnatroun Hospital,30.39499563,30.37081886,"سحب - إيداع - تغيير عملة - صرف من الإيداعات GBRU"
Al-Behera,All Areas,Sharnoub Community Development Association,31.013742,30.57017929,"سحب - إيداع - تغيير عملة - صرف من الإيداعات GBRU"
Al-Behera,All Areas,We Ciao Mall Albuhira,31.0463062,30.4652941,"deposit,withdraw and exchange"
Al-Behera,All Areas,Alshamela Hospital Kafr Aldawar,31.130591,30.122248,withdrawal only 
Al-Behera,All Areas,Abo Homos Educational Administration,31.1033,30.310782,withdrawal only
Al-Behera,All Areas,The local unit Abo Homos,31.100602,30.31555,withdrawal only
Al-Behera,All Areas,Alatf Electricity Production Station - Mahmoudiya,31.184945,30.52952,withdrawal only
Al-Behera,All Areas,Mahmoudia power plant,31.175947,30.529477,withdrawal only
Al-Behera,All Areas,Mahmoudia General Hospital,31.183878,30.519738,withdrawal only
Al-Behera,All Areas,Damanhour State Cases Authority ,31.040307,30.468207,withdrawal only
Al-Behera,All Areas,General Office of the Middle Delta Company for the production of electricity in Damanhour,31.03936,30.455253,withdrawal only
Al-Behera,All Areas,Itay Albaroud Court,30.88655,30.667319,withdrawal only
Al-Behera,All Areas,General Office of Buhaira Governorate,31.03975,30.458095,withdrawal only
Al-Behera,All Areas,Kafr El-Dawwar City Branch 2,31.04241948,30.46890924,withdrawal only
Al-Behera,All Areas,Al Hoota Health Unit,30.86942495,30.70074488,"Full Function"
Al-Behera,All Areas,Wadi Alnatrun City Council,30.395427,30.37151,withdrawal
Al-Behera,All Areas,Kafr Aldawar Central Hospital,31.139199,30.121385,"Cash Dispenser only"
Al-Behera,All Areas,Itay Albaroud City Council,31.139199,30.121385,"Cash Dispenser only"
Al-Behera,All Areas,Itay Albaroud  Educational Administration,30.886466,30.662967,"Cash Dispenser only"
Al-Behera,All Areas,Shoubrakhit City Council,31.027977,30.711581,"Cash Dispenser only"
Al-Behera,All Areas,Behira Azhar Area,31.051574,30.463915,"Cash Dispenser only"
Al-Behera,All Areas,Albehira Agricultural Administration,31.026177,30.451221,"Cash Dispenser only"
Al-Behera,All Areas,Albuhaira Youth and Sports Directorate,31.036522,30.456495,"Cash Dispenser only"
Al-Behera,All Areas,The local unit of the Council and the city of Damanhur,31.032701,30.464771,"Cash Dispenser only"
Al-Behera,All Areas,Housh Iesa City Council,30.915766,30.297315,"Cash Dispenser only"
Al-Behera,All Areas,Laqana 0 Team Helmy Afifi Camp,31.024659,30.607641,"Cash Dispenser only"
Al-Behera,All Areas,Laqana 0 Team Helmy Afifi Camp,30.912765,30.295561,"Cash Dispenser only"
Al-Behera,All Areas,Alsorady Hypermarket - Damanhour,31.041921,30.473102,"Cash Dispenser only"
Al-Behera,All Areas,Directorate of Roads and Transportation in Beheira,31.04408,30.475274,"Cash Dispenser only"
Al-Behera,All Areas,Abu Homos Central Hospital,31.105004,30.314502,"Cash Dispenser only"
Al-Behera,All Areas,Delengat City Council,30.827806,30.536877,"Cash Dispenser only"
Al-Behera,All Areas,Aldelengat Health Administration,30.829702,30.535141,"Cash Dispenser only"
Al-Behera,All Areas,Koum Hamada City Council,30.760111,30.694501,"Cash Dispenser only"
Al-Behera,All Areas,Nubaria Power Station Khnaiza - Kom Hamada,30.699037,30.668604,"Cash Dispenser only"
Al-Behera,All Areas,Abo Almatamir Health Administration,30.912211,30.170589,"Cash Dispenser only"
Al-Behera,All Areas,badr Altahrir  Educational Administration,30.571713,30.711668,"Cash Dispenser only"
Al-Behera,All Areas,Badr Altahrir Health Administration,30.57747,30.710336,"Cash Dispenser only"
Al-Behera,All Areas,Alnagah Local unit,30.663293,30.566847,"Cash Dispenser only"
Al-Behera,All Areas,Shabrakhit General Hospital,31.027458,30.704211,"Cash Dispenser only"
Al-Behera,All Areas,Abu Almatamir Central Hospital,30.91584,30.176447,"Cash Dispenser only"
Al-Behera,All Areas,Kafr Aldawar Central Hospital 2,31.139143,30.12155,"Cash Dispenser only"
Al-Behera,All Areas,Delengat City Council 2,30.82785,30.536831,"Cash Dispenser only"
Al-Behera,All Areas,Dilangat Central Hospital,30.833752,30.530286,"Cash Dispenser only"
Al-Behera,All Areas,Rashid City Council,31.40487,30.423086,"Cash Dispenser only"
Al-Behera,All Areas,Dr. Pasha Hospital,31.392898,30.414696,"Cash Dispenser only"
Al-Behera,All Areas,Edfina Azharian Institute,31.288168,30.513992,"Cash Dispenser only"
Al-Behera,All Areas,Kafr Aldawar City Council,31.135432,30.129149,"Cash Dispenser only"
Al-Behera,All Areas,Damanhour University - Faculty of Commerce,31.037774,30.433125,"Full Function"
Al-Behera,All Areas,Ranin Damanhour,31.02842246,30.44735618,"Full Function"
Al-Behera,All Areas,The local unit  of Mahalet Fernoy,30.98201643,30.6542905,"Full Function"
Al-Behera,All Areas,The local unit of the village of Laqana,31.02393382,30.60350721,"Full Function"
Al-Behera,All Areas,The local unit of mahalet Beshr,31.05305248,30.69924925,"Full Function"
Al-Behera,All Areas,Agricultural Administration Itai El-Baroud - Beheira,30.88563219,30.65812817,"Full Function"
Al-Behera,All Areas,Etsalat - Almostaqbal Franchiez -Albehera,30.5761452,30.7090382,"Cash Dispenser only"
Al-Behera,All Areas,New Nubaria City Development Authority,30.671835,30.073109,"Cash Dispenser only"
Al-Behera,All Areas,Alwady Company For Feed - Alnoubaria,30.662002,30.08606,"Cash Dispenser only"
Al-Behera,All Areas,Noubaria Company for the manufacture and refining of sugar,30.632194,30.2275,"Cash Dispenser only"
Al-Behera,All Areas,Express Ahmed Orabi St. Koum hamada,30.763683,30.704811,"Full Function"
Al-Behera,All Areas,Itay Albaroud Electrical Engineering,30.880486,30.653383,"Full Function"
Al-Behera,All Areas,Edco Electrical Engineering -Rashid - Beheira Governorate,31.301812,30.301819,"Cash Dispenser only"
Al-Behera,All Areas,Abo Homos Health Administration,31.099697,30.311892,"Cash Dispenser only"
Al-Behera,All Areas,Damanhour University - Faculty of Pharmacy and Science,31.052879,30.462731,"Full Function"
Al-Behera,All Areas,Damanhour University - Faculty of Arts,31.036388,30.457638,"Full Function"
Al-Behera,All Areas,Tanmiya Rahmania,31.10958367,30.63910172,"withdrawal,deposit"
Al-Behera,All Areas,Tamwely Hosh Eissa,30.91038848,30.29732155,"withdrawal,deposit"
Al-Behera,All Areas,Tamwely Abu El Matamir,30.91290404,30.17689168,"withdrawal,deposit"
Al-Behera,All Areas,Tanmiya Abu El Matamir,30.91144225,30.17490715,"withdrawal,deposit "
Al-Behera,All Areas,Tamwely Al-Dalengat,30.82955574,30.53589971,"withdrawal ,deposit"
Al-Behera,All Areas,Tamwely Etay Al-Baroud,30.88808594,30.67314422,"withdrawal,deposit"
Al-Behera,All Areas,Tanmiya Nasser,30.92230447,29.95121672,"withdrawal,deposit"
Al-Behera,All Areas,Tanmiya Shabrakhit,31.02893672,30.71354872,"withdrawal, deposit"
Al-Behera,All Areas,Tanmiya Mahmoudia,31.18416312,30.52710423,"withdrawal,deposit"
Al-Behera,All Areas,The local unit of the village of Al-Najila,30.73383215,30.77503088,"withdrawal,deposit"
Al-Behera,All Areas,Madrab Al-Buhaira,31.046464,30.46865632,"withdrawal,deposit"
Al-Behera,All Areas,The local unit of the village of Sanhour,31.07099786,30.55110508,"withdrawal,deposit"
Al-Behera,All Areas,The local unit of the village of Aflaqa,31.06715304,30.47713406,"withdrawal, deposit"
Al-Behera,All Areas, Nasser Agency North Tahrir,30.997523,30.136301,"Full Function"
Al-Behera,All Areas,Egypt Exchange Damanhour,31.032126,30.451576,"Withdrawal, Deposit and Exchange"
Al-Behera,All Areas,Boys Damanhour Secondary Institute Al-Azhar,31.03146,30.459748,"Withdrawal, Deposit and Exchange"
Al-Behera,Alnobaria Algadida,Alnobaria Algadida,30.670594383,30.0727764270001,Withdrawal
Al-Behera,Alnobaria Algadida,Alnobaria Algadida,30.671835,30.073109,Withdrawal
Al-Behera,Alnobaria Algadida,Alnobaria Algadida,30.632194,30.2275,Withdrawal
Al-Behera,Alnobaria Algadida,Alnobaria Algadida,30.662002,30.08606,Withdrawal
Al-Behera,Alnobaria Algadida,New Nubaria City Development Authority,30.671835,30.073109,"Cash Dispenser only"
Al-Behera,Alnobaria Algadida,Alwady Company For Feed - Alnoubaria,30.662002,30.08606,"Cash Dispenser only"
Al-Behera,Alnobaria Algadida,Noubaria Company for the manufacture and refining of sugar,30.632194,30.2275,"Cash Dispenser only"
Al-Behera,Damanhour,Damanhour,31.026177,30.451221,Withdrawal
Al-Behera,Damanhour,Damanhour,31.051574,30.463915,Withdrawal
Al-Behera,Damanhour,Damanhour,31.032701,30.464771,Withdrawal
Al-Behera,Damanhour,Damanhour,31.036388,30.457638,Withdrawal -Deposit – Forex
Al-Behera,Damanhour,Damanhour,31.037774,30.433125,Withdrawal -Deposit – Forex
Al-Behera,Damanhour,Damanhour,31.052879,30.462731,Withdrawal -Deposit – Forex
Al-Behera,Damanhour,Damanhour,31.03936,30.455253,Withdrawal
Al-Behera,Damanhour,Damanhour,31.03975,30.458095,Withdrawal
Al-Behera,Damanhour,Damanhour,31.044442,30.470853,Withdrawal
Al-Behera,Damanhour,Damanhour,31.034502812,30.4746979810001,Withdrawal
Al-Behera,Damanhour,Damanhour,31.034494636,30.4747126180001,Withdrawal
Al-Behera,Damanhour,Damanhour,31.0424194780001,30.4689092350001,Withdrawal -Deposit – Forex
Al-Behera,Damanhour,Damanhour,31.036522,30.456495,Withdrawal
Al-Behera,Damanhour,Damanhour,31.04408,30.475274,Withdrawal
Al-Behera,Damanhour,Damanhour,31.041921,30.473102,Withdrawal
Al-Behera,Damanhour,Damanhour,31.040307,30.468207,Withdrawal
Al-Behera,Damanhour,19011 Pharmacy Damanhour,31.04438807,30.4667885,"سحب فقط"
Al-Behera,Damanhour,Albuhiera Azhar Area 2,31.05193166,30.46430279,"سحب - إيداع - تغيير عملة"
Al-Behera,Damanhour,Middle Damanhour Electricity Company,31.04444207,30.47085251,"سحب فقط"
Al-Behera,Damanhour,Damanhour train station,31.03428061,30.46823018,"سحب فقط"
Al-Behera,Damanhour,Carrefour - Damanhour,31.03732147,30.45559064,"سحب - إيداع - تغيير عملة - صرف من الإيداعات GBRU"
Al-Behera,Damanhour,Sharnoub Community Development Association,31.013742,30.57017929,"سحب - إيداع - تغيير عملة - صرف من الإيداعات GBRU"
Al-Behera,Damanhour,We Ciao Mall Albuhira,31.0463062,30.4652941,"deposit,withdraw and exchange"
Al-Behera,Damanhour,Damanhour State Cases Authority ,31.040307,30.468207,withdrawal only
Al-Behera,Damanhour,General Office of the Middle Delta Company for the production of electricity in Damanhour,31.03936,30.455253,withdrawal only
Al-Behera,Damanhour,General Office of Buhaira Governorate,31.03975,30.458095,withdrawal only
Al-Behera,Damanhour,Behira Azhar Area,31.051574,30.463915,"Cash Dispenser only"
Al-Behera,Damanhour,Albehira Agricultural Administration,31.026177,30.451221,"Cash Dispenser only"
Al-Behera,Damanhour,Albuhaira Youth and Sports Directorate,31.036522,30.456495,"Cash Dispenser only"
Al-Behera,Damanhour,The local unit of the Council and the city of Damanhur,31.032701,30.464771,"Cash Dispenser only"
Al-Behera,Damanhour,Alsorady Hypermarket - Damanhour,31.041921,30.473102,"Cash Dispenser only"
Al-Behera,Damanhour,Directorate of Roads and Transportation in Beheira,31.04408,30.475274,"Cash Dispenser only"
Al-Behera,Damanhour,Damanhour University - Faculty of Commerce,31.037774,30.433125,"Full Function"
Al-Behera,Damanhour,Ranin Damanhour,31.02842246,30.44735618,"Full Function"
Al-Behera,Damanhour,Damanhour University - Faculty of Pharmacy and Science,31.052879,30.462731,"Full Function"
Al-Behera,Damanhour,Damanhour University - Faculty of Arts,31.036388,30.457638,"Full Function"
Al-Behera,Damanhour,The local unit of the village of Aflaqa,31.06715304,30.47713406,"withdrawal, deposit"
Al-Behera,Damanhour,Egypt Exchange Damanhour,31.032126,30.451576,"Withdrawal, Deposit and Exchange"
Al-Behera,Damanhour,Boys Damanhour Secondary Institute Al-Azhar,31.03146,30.459748,"Withdrawal, Deposit and Exchange"
Al-Behera,Edco,Edco,31.301812,30.301819,Withdrawal -Deposit – Forex
Al-Behera,Edco,Edco Electrical Engineering -Rashid - Beheira Governorate,31.301812,30.301819,"Cash Dispenser only"
Al-Behera,El Dalangat,El Dalangat,30.829702,30.535141,Withdrawal
Al-Behera,El Dalangat,El Dalangat,30.768322,30.594444,Withdrawal
Al-Behera,El Dalangat,El Dalangat,30.827806,30.536877,Withdrawal
Al-Behera,El Dalangat,El Dalangat,30.82785,30.536831,Withdrawal
Al-Behera,El Dalangat,El Dalangat,30.833752,30.530286,Withdrawal
Al-Behera,El Dalangat,Etisalat -Franchiez Almostaqbal - Albostan,30.82974495,30.52961337,"سحب فقط"
Al-Behera,El Dalangat,The local unit Alwafaieah Village,30.76832208,30.59444399,"سحب فقط"
Al-Behera,El Dalangat,Delengat City Council,30.827806,30.536877,"Cash Dispenser only"
Al-Behera,El Dalangat,Aldelengat Health Administration,30.829702,30.535141,"Cash Dispenser only"
Al-Behera,El Dalangat,Delengat City Council 2,30.82785,30.536831,"Cash Dispenser only"
Al-Behera,El Dalangat,Dilangat Central Hospital,30.833752,30.530286,"Cash Dispenser only"
Al-Behera,El Dalangat,Tamwely Al-Dalengat,30.82955574,30.53589971,"withdrawal ,deposit"
Al-Behera,Etay Al Barroud,Etay Al Barroud,30.886466,30.662967,Withdrawal
Al-Behera,Etay Al Barroud,Etay Al Barroud,30.884833879,30.6636461690001,Withdrawal
Al-Behera,Etay Al Barroud,Etay Al Barroud,30.884864,30.665297,Withdrawal
Al-Behera,Etay Al Barroud,Etay Al Barroud,30.886553,30.667319,Withdrawal
Al-Behera,Etay Al Barroud,Etay Al Barroud,30.880486,30.653383,Withdrawal -Deposit – Forex
Al-Behera,Etay Al Barroud,Itay Albaroud Court,30.88655,30.667319,withdrawal only
Al-Behera,Etay Al Barroud,Al Hoota Health Unit,30.86942495,30.70074488,"Full Function"
Al-Behera,Etay Al Barroud,Itay Albaroud  Educational Administration,30.886466,30.662967,"Cash Dispenser only"
Al-Behera,Etay Al Barroud,Agricultural Administration Itai El-Baroud - Beheira,30.88563219,30.65812817,"Full Function"
Al-Behera,Etay Al Barroud,Itay Albaroud Electrical Engineering,30.880486,30.653383,"Full Function"
Al-Behera,Etay Al Barroud,Tamwely Etay Al-Baroud,30.88808594,30.67314422,"withdrawal,deposit"
Al-Behera,Housh Eissa,Housh Eissa,30.9135036000001,30.293657642,Withdrawal
Al-Behera,Housh Eissa,Housh Eissa,30.912765,30.295561,Withdrawal
Al-Behera,Housh Eissa,Housh Eissa,30.9177083330001,30.3004362770001,Withdrawal -Deposit – Forex
Al-Behera,Housh Eissa,Housh Eissa,30.915766,30.297315,Withdrawal
Al-Behera,Housh Eissa,Alekhlas Mall,30.7009946,30.2682834,"سحب فقط"
Al-Behera,Housh Eissa,Housh Iesa City Council,30.915766,30.297315,"Cash Dispenser only"
Al-Behera,Housh Eissa,Laqana 0 Team Helmy Afifi Camp,30.912765,30.295561,"Cash Dispenser only"
Al-Behera,Housh Eissa,Tamwely Hosh Eissa,30.91038848,30.29732155,"withdrawal,deposit"
Al-Behera,Kafr Al-Dawar,Kafr Al-Dawar,31.133868218,30.135129858,Withdrawal
Al-Behera,Kafr Al-Dawar,Kafr Al-Dawar,31.135432,30.129149,Withdrawal
Al-Behera,Kafr Al-Dawar,Kafr Al-Dawar,31.139199,30.121385,Withdrawal
Al-Behera,Kafr Al-Dawar,Kafr Al-Dawar,31.139143,30.12155,Withdrawal
Al-Behera,Kafr Al-Dawar,Kafr Al-Dawar,31.130591,30.122248,Withdrawal
Al-Behera,Kafr Al-Dawar,Alshamela Hospital Kafr Aldawar,31.130591,30.122248,withdrawal only 
Al-Behera,Kafr Al-Dawar,Kafr El-Dawwar City Branch 2,31.04241948,30.46890924,withdrawal only
Al-Behera,Kafr Al-Dawar,Kafr Aldawar Central Hospital,31.139199,30.121385,"Cash Dispenser only"
Al-Behera,Kafr Al-Dawar,Itay Albaroud City Council,31.139199,30.121385,"Cash Dispenser only"
Al-Behera,Kafr Al-Dawar,Kafr Aldawar Central Hospital 2,31.139143,30.12155,"Cash Dispenser only"
Al-Behera,Kafr Al-Dawar,Kafr Aldawar City Council,31.135432,30.129149,"Cash Dispenser only"
Al-Behera,Kafr Al-Dawar, Nasser Agency North Tahrir,30.997523,30.136301,"Full Function"
Al-Behera,Koum Hamada,Koum Hamada,30.763683,30.704811,Withdrawal -Deposit - Forex
Al-Behera,Koum Hamada,Koum Hamada,30.7637538990001,30.6997476380001,Withdrawal -Deposit – Forex
Al-Behera,Koum Hamada,Koum Hamada,30.760111,30.694501,Withdrawal
Al-Behera,Koum Hamada,Koum Hamada,30.699037,30.668604,Withdrawal
Al-Behera,Koum Hamada,Saft Alinab Local Unit,30.81082688,30.68590817,"سحب فقط"
Al-Behera,Koum Hamada,Waqed Village Local Unit,30.69531566,30.73931943,"سحب فقط"
Al-Behera,Koum Hamada,Koum Hamada City Council,30.760111,30.694501,"Cash Dispenser only"
Al-Behera,Koum Hamada,Nubaria Power Station Khnaiza - Kom Hamada,30.699037,30.668604,"Cash Dispenser only"
Al-Behera,Koum Hamada,Express Ahmed Orabi St. Koum hamada,30.763683,30.704811,"Full Function"
Al-Behera,Koum Hamada,The local unit of the village of Al-Najila,30.73383215,30.77503088,"withdrawal,deposit"
Al-Behera,Markaz Badr,Markaz Badr,30.571713,30.711668,Withdrawal
Al-Behera,Markaz Badr,Markaz Badr,30.57747,30.710336,Withdrawal
Al-Behera,Markaz Badr,Markaz Badr,30.663293,30.566847,Withdrawal
Al-Behera,Markaz Badr,Markaz Badr,30.5772673060001,30.710091317,Withdrawal
Al-Behera,Markaz Badr,badr Altahrir  Educational Administration,30.571713,30.711668,"Cash Dispenser only"
Al-Behera,Markaz Badr,Badr Altahrir Health Administration,30.57747,30.710336,"Cash Dispenser only"
Al-Behera,Markaz Badr,Alnagah Local unit,30.663293,30.566847,"Cash Dispenser only"
Al-Behera,Markaz Badr,Etsalat - Almostaqbal Franchiez -Albehera,30.5761452,30.7090382,"Cash Dispenser only"
Al-Behera,Rashid,Rashid,31.4063106180001,30.423861399,Withdrawal -Deposit – Forex
Al-Behera,Rashid,Rashid,31.40487,30.423086,Withdrawal
Al-Behera,Rashid,Rashid,31.392898,30.414696,Withdrawal
Al-Behera,Rashid,Rashid,31.288168,30.513992,Withdrawal
Al-Behera,Rashid,Rashid Main Hospital,31.40949916,30.42373416,"سحب فقط"
Al-Behera,Rashid,Rashid Health Unit ,31.39517685,30.42186514,"سحب فقط"
Al-Behera,Rashid,Rashid City Council,31.40487,30.423086,"Cash Dispenser only"
Al-Behera,Rashid,Dr. Pasha Hospital,31.392898,30.414696,"Cash Dispenser only"
Al-Behera,Rashid,Edfina Azharian Institute,31.288168,30.513992,"Cash Dispenser only"
Al-Behera,Shabrakhiet,Shabrakhiet,31.024659,30.607641,Withdrawal
Al-Behera,Shabrakhiet,Shabrakhiet,31.030521676,30.7135767940001,Withdrawal -Deposit – Forex
Al-Behera,Shabrakhiet,Shabrakhiet,31.027977,30.711581,Withdrawal
Al-Behera,Shabrakhiet,Shabrakhiet,31.027458,30.704211,Withdrawal
Al-Behera,Shabrakhiet,Shoubrakhit City Council,31.027977,30.711581,"Cash Dispenser only"
Al-Behera,Shabrakhiet,Laqana 0 Team Helmy Afifi Camp,31.024659,30.607641,"Cash Dispenser only"
Al-Behera,Shabrakhiet,Shabrakhit General Hospital,31.027458,30.704211,"Cash Dispenser only"
Al-Behera,Shabrakhiet,The local unit  of Mahalet Fernoy,30.98201643,30.6542905,"Full Function"
Al-Behera,Shabrakhiet,The local unit of the village of Laqana,31.02393382,30.60350721,"Full Function"
Al-Behera,Shabrakhiet,The local unit of mahalet Beshr,31.05305248,30.69924925,"Full Function"
Al-Behera,Shabrakhiet,Tanmiya Shabrakhit,31.02893672,30.71354872,"withdrawal, deposit"
Al-Behera,Wady Elnatroon,Wady El- Natroun,30.39891242980957,30.36785316467285,Withdraws -Deposits- Forex
Al-Behera,Wady Elnatroon,Wady Elnatroon,30.395427,30.37151,Withdrawal
Al-Behera,Wady Elnatroon,Wady Alnatroun Hospital,30.39499563,30.37081886,"سحب - إيداع - تغيير عملة - صرف من الإيداعات GBRU"
Al-Behera,Wady Elnatroon,Wadi Alnatrun City Council,30.395427,30.37151,withdrawal
Al-Fayoum,Abshaway,Abshaway,29.370735,30.688374,Withdrawal
Al-Fayoum,Abshaway,Abshaway,29.3607405320001,30.683257847,Withdrawal -Deposit – Forex
Al-Fayoum,Abshaway,Ibshaway Hospital,29.370735,30.688374,Withdrawal Only
Al-Fayoum,Abshaway,Abu Kasah Local Unit,29.392268,30.711708,"Full Function"
Al-Fayoum,Al Fayoum,Al Fayoum,29.304412079,30.853545635,Withdrawal -Deposit - Forex
Al-Fayoum,Al Fayoum,Al Fayoum,29.319696,30.835641,Withdrawal
Al-Fayoum,Al Fayoum,Al Fayoum,29.308199,30.842229,Withdrawal
Al-Fayoum,Al Fayoum,Al Fayoum,29.3077226660001,30.846139824,Withdrawal
Al-Fayoum,Al Fayoum,Al Fayoum,29.315420352,30.852178517,Withdrawal
Al-Fayoum,Al Fayoum,Al Fayoum,29.321487,30.837896,Withdrawal
Al-Fayoum,Al Fayoum,Al Fayoum,29.322145,30.837087,Withdrawal
Al-Fayoum,Al Fayoum,Al Fayoum,29.308889,30.847499,Withdrawal
Al-Fayoum,Al Fayoum,Al Fayoum,29.304818,30.84385,Withdrawal
Al-Fayoum,Al Fayoum,Al Fayoum,29.319011,30.851452,Withdrawal
Al-Fayoum,Al Fayoum,Orange Tamia Sector,29.47427641,30.9549612,withdraw only
Al-Fayoum,Al Fayoum,Fayoum State Council,29.30973607,30.84764079,"Withdrawal, Deposit, Exchange"
Al-Fayoum,Al Fayoum,Tanmiah Alfaioum,29.3029927,30.85296321,"Withdrawal, Deposit, Exchange"
Al-Fayoum,Al Fayoum,Tanmiah Allahoun,29.20959358,30.9713821,"Withdrawal, Deposit, Exchange"
Al-Fayoum,Al Fayoum,Tanmiah Sila,29.3524194,30.96981294,"Withdrawal, Deposit, Exchange"
Al-Fayoum,Al Fayoum,Fayoum train station,29.308889,30.847499,"Withdrawal, Deposit, Exchange"
Al-Fayoum,Al Fayoum,Fayoum Central 2 - Fayoum sector,29.308199,30.842229,"Withdrawal, Deposit, Exchange"
Al-Fayoum,Al Fayoum,Faculty of Arts Fayoum University ,29.322145,30.837087,"Withdrawal, Deposit, Exchange"
Al-Fayoum,Al Fayoum,Fayoum University,29.319696,30.835641,"Withdrawal, Deposit, Exchange"
Al-Fayoum,Al Fayoum,Fayoum Azhar region,29.319011,30.851452,"Withdrawal, Deposit, Exchange"
Al-Fayoum,Al Fayoum,Fayoum Azhar region,29.319011,30.851452,Withdrawal Only
Al-Fayoum,Al Fayoum,Fayoum Elementary Court,29.304818,30.84385,Withdrawal Only
Al-Fayoum,Al Fayoum,Etisalat Franchise Elkhabeer Fayoum 1,29.309145,30.85801,"Full Function"
Al-Fayoum,Al Fayoum,Al Nabawi General Hospital,29.302496,30.838588,"Withdrawal, Deposit and Exchange"
Al-Fayoum,Al Fayoum,Fayoum Mills,29.310744,30.85621,"Withdrawal, Deposit and Exchange"
Al-Fayoum,All Areas,Al Fayoum,29.304412079,30.853545635,Withdrawal -Deposit - Forex
Al-Fayoum,All Areas,Al Fayoum,29.319696,30.835641,Withdrawal
Al-Fayoum,All Areas,Al Fayoum,29.308199,30.842229,Withdrawal
Al-Fayoum,All Areas,Senouris,29.4085751860001,30.8650730680001,Withdrawal -Deposit – Forex
Al-Fayoum,All Areas,Atsa,29.2369657830001,30.7901944540001,Withdrawal -Deposit – Forex
Al-Fayoum,All Areas,Al Fayoum,29.3077226660001,30.846139824,Withdrawal
Al-Fayoum,All Areas,Al Fayoum,29.315420352,30.852178517,Withdrawal
Al-Fayoum,All Areas,Al Fayoum,29.321487,30.837896,Withdrawal
Al-Fayoum,All Areas,Al Fayoum,29.322145,30.837087,Withdrawal
Al-Fayoum,All Areas,Al Fayoum,29.308889,30.847499,Withdrawal
Al-Fayoum,All Areas,Al Fayoum,29.304818,30.84385,Withdrawal
Al-Fayoum,All Areas,Abshaway,29.370735,30.688374,Withdrawal
Al-Fayoum,All Areas,Al Fayoum,29.319011,30.851452,Withdrawal
Al-Fayoum,All Areas,Abshaway,29.3607405320001,30.683257847,Withdrawal -Deposit – Forex
Al-Fayoum,All Areas,WE Alfaioum Almasalah Sq.,29.31563484,30.85253097,
Al-Fayoum,All Areas,Orange Tamia Sector,29.47427641,30.9549612,withdraw only
Al-Fayoum,All Areas,Sanouras Central Hospital,29.4087034,30.8587204,"withdraw, deposit and exchange		"
Al-Fayoum,All Areas,Fayoum State Council,29.30973607,30.84764079,"Withdrawal, Deposit, Exchange"
Al-Fayoum,All Areas,local unit anchor,29.41719986,30.81736238,"Withdrawal, Deposit, Exchange"
Al-Fayoum,All Areas,Local unit Fidimin,29.38125621,30.77755288,"Withdrawal, Deposit, Exchange"
Al-Fayoum,All Areas,Naqalifa Local Unit,29.39694049,30.82468411,"Withdrawal, Deposit, Exchange"
Al-Fayoum,All Areas,Tanmiah Alfaioum,29.3029927,30.85296321,"Withdrawal, Deposit, Exchange"
Al-Fayoum,All Areas,Tanmiah Abo Gender,29.24124675,30.67229435,"Withdrawal, Deposit, Exchange"
Al-Fayoum,All Areas,Tanmiah Allahoun,29.20959358,30.9713821,"Withdrawal, Deposit, Exchange"
Al-Fayoum,All Areas,Tanmiah Sanhour,29.40740388,30.77005311,"Withdrawal, Deposit, Exchange"
Al-Fayoum,All Areas,Tanmiah Sanouras,29.41540081,30.86429428,"Withdrawal, Deposit, Exchange"
Al-Fayoum,All Areas,Tanmiah Sila,29.3524194,30.96981294,"Withdrawal, Deposit, Exchange"
Al-Fayoum,All Areas,Tanmiah Itsa,29.24143653,30.79518521,"Withdrawal, Deposit, Exchange"
Al-Fayoum,All Areas,Orange Atsa,29.237697,30.795299,"Withdrawal, Deposit, Exchange"
Al-Fayoum,All Areas,Fayoum train station,29.308889,30.847499,"Withdrawal, Deposit, Exchange"
Al-Fayoum,All Areas,Fayoum Central 2 - Fayoum sector,29.308199,30.842229,"Withdrawal, Deposit, Exchange"
Al-Fayoum,All Areas,Faculty of Arts Fayoum University ,29.322145,30.837087,"Withdrawal, Deposit, Exchange"
Al-Fayoum,All Areas,Fayoum University,29.319696,30.835641,"Withdrawal, Deposit, Exchange"
Al-Fayoum,All Areas,Fayoum Azhar region,29.319011,30.851452,"Withdrawal, Deposit, Exchange"
Al-Fayoum,All Areas,Fayoum Azhar region,29.319011,30.851452,Withdrawal Only
Al-Fayoum,All Areas,Fayoum Elementary Court,29.304818,30.84385,Withdrawal Only
Al-Fayoum,All Areas,Ibshaway Hospital,29.370735,30.688374,Withdrawal Only
Al-Fayoum,All Areas,Etisalat Franchise Elkhabeer Fayoum 1,29.309145,30.85801,"Full Function"
Al-Fayoum,All Areas,Abu Kasah Local Unit,29.392268,30.711708,"Full Function"
Al-Fayoum,All Areas,Al Nabawi General Hospital,29.302496,30.838588,"Withdrawal, Deposit and Exchange"
Al-Fayoum,All Areas,Fayoum Mills,29.310744,30.85621,"Withdrawal, Deposit and Exchange"
Al-Fayoum,Atsa,Atsa,29.2369657830001,30.7901944540001,Withdrawal -Deposit – Forex
Al-Fayoum,Atsa,Tanmiah Abo Gender,29.24124675,30.67229435,"Withdrawal, Deposit, Exchange"
Al-Fayoum,Atsa,Tanmiah Itsa,29.24143653,30.79518521,"Withdrawal, Deposit, Exchange"
Al-Fayoum,Atsa,Orange Atsa,29.237697,30.795299,"Withdrawal, Deposit, Exchange"
Al-Fayoum,Senouris,Senouris,29.4085751860001,30.8650730680001,Withdrawal -Deposit – Forex
Al-Fayoum,Senouris,Sanouras Central Hospital,29.4087034,30.8587204,"withdraw, deposit and exchange		"
Al-Fayoum,Senouris,local unit anchor,29.41719986,30.81736238,"Withdrawal, Deposit, Exchange"
Al-Fayoum,Senouris,Local unit Fidimin,29.38125621,30.77755288,"Withdrawal, Deposit, Exchange"
Al-Fayoum,Senouris,Naqalifa Local Unit,29.39694049,30.82468411,"Withdrawal, Deposit, Exchange"
Al-Fayoum,Senouris,Tanmiah Sanhour,29.40740388,30.77005311,"Withdrawal, Deposit, Exchange"
Al-Fayoum,Senouris,Tanmiah Sanouras,29.41540081,30.86429428,"Withdrawal, Deposit, Exchange"
Al-Gharbia,AL Mahala El Kobra,AL Mahala El Kobra,30.968405352,31.1665317480001,Withdrawal
Al-Gharbia,AL Mahala El Kobra,AL Mahala El Kobra,30.9684126120001,31.166536315,Withdrawal
Al-Gharbia,AL Mahala El Kobra,AL Mahala El Kobra,30.9847803980001,31.1605106270001,Withdrawal
Al-Gharbia,AL Mahala El Kobra,AL Mahala El Kobra,31.092267543,31.143707831,Withdrawal
Al-Gharbia,AL Mahala El Kobra,AL Mahala El Kobra,30.9744099930001,31.170052696,Withdrawal
Al-Gharbia,AL Mahala El Kobra,AL Mahala El Kobra,30.958769508,31.1681912440001,Withdrawal
Al-Gharbia,AL Mahala El Kobra,AL Mahala El Kobra,30.968614206,31.1675398510001,Withdrawal -Deposit – Forex
Al-Gharbia,AL Mahala El Kobra,AL Mahala El Kobra,30.973820828,31.167798234,Withdrawal
Al-Gharbia,AL Mahala El Kobra,AL Mahala El Kobra,30.9513268790001,31.150071715,Withdrawal
Al-Gharbia,AL Mahala El Kobra,AL Mahala El Kobra,30.9765346020001,31.175374751,Withdrawal
Al-Gharbia,AL Mahala El Kobra,Misr Exchange Almahala,30.97074846,31.16754805,withdrawal
Al-Gharbia,AL Mahala El Kobra,We Almahala Local unit,30.9743416,31.1687728,withdrawal
Al-Gharbia,AL Mahala El Kobra,We Alshoun Sq. Almahalah,30.96638119,31.16466574,"withdraw, deposit and exchange		"
Al-Gharbia,AL Mahala El Kobra,Baladiet Almahalah Club,30.98164511,31.17105489,"Withdrawal, Deposit, Exchange"
Al-Gharbia,AL Mahala El Kobra,Derb Hashem Youth Center,30.99968171,31.16443431,"Withdrawal, Deposit, Exchange"
Al-Gharbia,AL Mahala El Kobra,The local unit of the village of Mahalla Hassan,31.02731056,31.17532168,"Withdrawal, Deposit, Exchange"
Al-Gharbia,AL Mahala El Kobra,Zahran Market Almahala,30.980613,31.173253,"Withdrawal, Deposit, Exchange"
Al-Gharbia,AL Mahala El Kobra,The local unit  Demro Village,31.09226754,31.14370783,Withdrawal Only
Al-Gharbia,AL Mahala El Kobra,Almahalla Alkobra City Council,30.97382083,31.16779823,Withdrawal Only
Al-Gharbia,AL Mahala El Kobra,Almahala Alkobra Agricultural Administration,30.9847804,31.16051063,Withdrawal Only
Al-Gharbia,AL Mahala El Kobra,Mahalla Liver Hospital,30.95132688,31.15007172,Withdrawal Only
Al-Gharbia,AL Mahala El Kobra,Almahala Alkobra General Hospital,30.9765346,31.17537475,Withdrawal Only
Al-Gharbia,AL Mahala El Kobra,Almahala Thany District,30.95876951,31.16819124,Withdrawal Only
Al-Gharbia,AL Mahala El Kobra,Almahala Awel District,30.97440999,31.1700527,Withdrawal Only
Al-Gharbia,All Areas,AL Mahala El Kobra,30.968405352,31.1665317480001,Withdrawal
Al-Gharbia,All Areas,Zefta,30.7141342780001,31.249046256,Withdrawal
Al-Gharbia,All Areas,Zefta,30.712354335,31.2475481270001,Withdrawal
Al-Gharbia,All Areas,AL Mahala El Kobra,30.9684126120001,31.166536315,Withdrawal
Al-Gharbia,All Areas,El Santa,30.7308807470001,31.116715175,Withdrawal
Al-Gharbia,All Areas,Samanoud,30.96596881,31.2487319190001,Withdrawal
Al-Gharbia,All Areas,AL Mahala El Kobra,30.9847803980001,31.1605106270001,Withdrawal
Al-Gharbia,All Areas,Kafr El Zayat,30.8263476600001,30.8181167330001,Withdrawal
Al-Gharbia,All Areas,Tanta,30.793821973,31.001922474,Withdrawal
Al-Gharbia,All Areas,Tanta,30.7898356810001,30.990663435,Withdrawal
Al-Gharbia,All Areas,Tanta,30.7794118420001,30.986816214,Withdrawal
Al-Gharbia,All Areas,Zefta,30.8012509120001,31.210201883,Withdrawal
Al-Gharbia,All Areas,AL Mahala El Kobra,31.092267543,31.143707831,Withdrawal
Al-Gharbia,All Areas,Zefta,30.791916465,31.1694735740001,Withdrawal
Al-Gharbia,All Areas,Tanta,30.881982828,30.9652463300001,Withdrawal
Al-Gharbia,All Areas,Zefta,30.699860938,31.2527135600001,Withdrawal
Al-Gharbia,All Areas,Tanta,30.796130104,30.9989349580001,Withdrawal
Al-Gharbia,All Areas,Tanta,30.795738898,30.9987781670001,Withdrawal
Al-Gharbia,All Areas,Tanta,30.789983509,30.991285953,Withdrawal
Al-Gharbia,All Areas,Basyoun,30.9390654750001,30.813989759,Withdrawal -Deposit – Forex
Al-Gharbia,All Areas,AL Mahala El Kobra,30.9744099930001,31.170052696,Withdrawal
Al-Gharbia,All Areas,AL Mahala El Kobra,30.958769508,31.1681912440001,Withdrawal
Al-Gharbia,All Areas,Basyoun,30.9405938940001,30.8213723280001,Withdrawal
Al-Gharbia,All Areas,Tanta,30.7960556460001,30.9974189710001,Withdrawal
Al-Gharbia,All Areas,Zefta,30.7103499680001,31.250367184,Withdrawal -Deposit – Forex
Al-Gharbia,All Areas,Samanoud,30.9593429940001,31.24424078,Withdrawal -Deposit – Forex
Al-Gharbia,All Areas,Tanta,30.8125989110001,31.005072704,Withdrawal
Al-Gharbia,All Areas,Tanta,30.8124308590001,31.0052190820001,Withdrawal
Al-Gharbia,All Areas,Tanta,30.8126163220001,31.0049659800001,Withdrawal
Al-Gharbia,All Areas,Tanta,30.7989614460001,30.997530612,Withdrawal
Al-Gharbia,All Areas,Tanta,30.7802019060001,31.0107555290001,Withdrawal
Al-Gharbia,All Areas,Kafr El Zayat,30.829915784,30.8111978040001,Withdrawal
Al-Gharbia,All Areas,Tanta,30.8032241240001,30.996265162,Withdrawal
Al-Gharbia,All Areas,AL Mahala El Kobra,30.968614206,31.1675398510001,Withdrawal -Deposit – Forex
Al-Gharbia,All Areas,Tanta,30.7876106780001,30.999743123,Withdrawal
Al-Gharbia,All Areas,Tanta,30.7927614770001,30.990658588,Withdrawal -Deposit – Forex
Al-Gharbia,All Areas,Tanta,30.7926665260001,30.989111741,Withdrawal
Al-Gharbia,All Areas,Tanta,30.797873709,31.001332727,Withdrawal
Al-Gharbia,All Areas,Kotoor,30.9707059940001,30.956907895,Withdrawal
Al-Gharbia,All Areas,Tanta,30.7922510070001,31.01074536,Withdrawal -Deposit – Forex
Al-Gharbia,All Areas,El Santa,30.727438013,31.1210411500001,Withdrawal -Deposit – Forex
Al-Gharbia,All Areas,Samanoud,30.8824015610001,31.234557243,Withdrawal
Al-Gharbia,All Areas,Kafr El Zayat,30.823855442,30.8116677130001,Withdrawal
Al-Gharbia,All Areas,Tanta,30.79397192,31.0068631460001,Withdrawal
Al-Gharbia,All Areas,Tanta,30.801130895,30.992192522,Withdrawal
Al-Gharbia,All Areas,AL Mahala El Kobra,30.973820828,31.167798234,Withdrawal
Al-Gharbia,All Areas,Zefta,30.7131723090001,31.2432292330001,Withdrawal
Al-Gharbia,All Areas,Zefta,30.7131804410001,31.243113448,Withdrawal
Al-Gharbia,All Areas,Kotoor,30.966970197,30.957120021,Withdrawal
Al-Gharbia,All Areas,Samanoud,30.9634933680001,31.242656133,Withdrawal
Al-Gharbia,All Areas,Kafr El Zayat,30.825646883,30.817476508,Withdrawal
Al-Gharbia,All Areas,Tanta,30.783460996,30.9895746020001,Withdrawal
Al-Gharbia,All Areas,Samanoud,30.8499554220001,31.23733932,Withdrawal
Al-Gharbia,All Areas,AL Mahala El Kobra,30.9513268790001,31.150071715,Withdrawal
Al-Gharbia,All Areas,AL Mahala El Kobra,30.9765346020001,31.175374751,Withdrawal
Al-Gharbia,All Areas,Kotoor,30.9771295250001,30.9572638330001,Withdrawal
Al-Gharbia,All Areas,Kafr El Zayat,30.8202367260001,30.819200267,Withdrawal
Al-Gharbia,All Areas,Basyoun,30.9403854890001,30.820415471,Withdrawal
Al-Gharbia,All Areas,Tanta,30.7857185560001,30.978999667,Withdrawal
Al-Gharbia,All Areas,Tanta,30.781090643,30.9960039210001,Withdrawal
Al-Gharbia,All Areas,Kotoor,30.9449933870001,30.961422412,Withdrawal
Al-Gharbia,All Areas,Tanta,30.7855281990001,30.9789877700001,Withdrawal
Al-Gharbia,All Areas,Tanta,30.8042386380001,31.023220832,Withdrawal -Deposit – Forex
Al-Gharbia,All Areas,Tanta,30.7850369830001,30.993630481,سحب فقط
Al-Gharbia,All Areas,Samanoud,30.961705125,31.2465062690001,Withdrawal
Al-Gharbia,All Areas, South Of Delta Electricity distribution Co.2,30.812431,31.005219,withdrawal
Al-Gharbia,All Areas, South Of Delta Electricity distribution Co.3,30.812616,31.004966,
Al-Gharbia,All Areas,Misr Exchange Almahala,30.97074846,31.16754805,withdrawal
Al-Gharbia,All Areas,Misr Exchange Tanta,30.79322755,30.99561677,
Al-Gharbia,All Areas,We Almahala Local unit,30.9743416,31.1687728,withdrawal
Al-Gharbia,All Areas,We Alshoun Sq. Almahalah,30.96638119,31.16466574,"withdraw, deposit and exchange		"
Al-Gharbia,All Areas,Beltag Local Unit,31.00002271,30.98920359,"withdraw, deposit and exchange		"
Al-Gharbia,All Areas,Babousir local unit,30.88308183,31.23417071,Withdrawal Only
Al-Gharbia,All Areas,Emaar Delta Mall,30.7968462,31.0020283,Withdrawal Only
Al-Gharbia,All Areas,Outlet Mall,30.79802088,31.00799245,"Withdrawal, Deposit, Exchange"
Al-Gharbia,All Areas,State Council Western Branch,30.79656463,30.99715466,"Withdrawal, Deposit, Exchange"
Al-Gharbia,All Areas,Baladiet Almahalah Club,30.98164511,31.17105489,"Withdrawal, Deposit, Exchange"
Al-Gharbia,All Areas,Derb Hashem Youth Center,30.99968171,31.16443431,"Withdrawal, Deposit, Exchange"
Al-Gharbia,All Areas,Hyper Casa,30.79273748,30.97869675,"Withdrawal, Deposit, Exchange"
Al-Gharbia,All Areas,Health Unit Fisha Selim,30.76841357,30.96798253,"Withdrawal, Deposit, Exchange"
Al-Gharbia,All Areas,Tanta train station,30.78243677,30.99414487,"Withdrawal, Deposit, Exchange"
Al-Gharbia,All Areas,The local unit of the village of Mahalla Hassan,31.02731056,31.17532168,"Withdrawal, Deposit, Exchange"
Al-Gharbia,All Areas,The local unit of the village of Kafr Kila Al-Bab,30.69038305,31.14258493,"Withdrawal, Deposit, Exchange"
Al-Gharbia,All Areas,The local unit of the village of Shabramles,30.84702629,31.1974472,"Withdrawal, Deposit, Exchange"
Al-Gharbia,All Areas,Zahran Market Almahala,30.980613,31.173253,"Withdrawal, Deposit, Exchange"
Al-Gharbia,All Areas,Tamwely Basioun,30.939667,30.805887,"Withdrawal, Deposit, Exchange"
Al-Gharbia,All Areas,Tamwely Samanoud,30.961457,31.244514,"Withdrawal, Deposit, Exchange"
Al-Gharbia,All Areas,The local unit  Demro Village,31.09226754,31.14370783,Withdrawal Only
Al-Gharbia,All Areas,Tanta Judges Club,30.78503698,30.99363048,"Withdrawal, Deposit, Exchange"
Al-Gharbia,All Areas,The local unit Mahalet Menouf -Tanta Sector,30.88198283,30.96524633,Withdrawal Only
Al-Gharbia,All Areas,Tanta Electricity Company,30.79896145,30.99753061,Withdrawal Only
Al-Gharbia,All Areas,Zahra Girls Secondary Institute in Damat - Qutour Center,30.94499339,30.96142241,Withdrawal Only
Al-Gharbia,All Areas,Almahatta Mosque (Basyoun),30.94038549,30.82041547,Withdrawal Only
Al-Gharbia,All Areas,Basion Educational Administration,30.94059389,30.82137233,Withdrawal Only
Al-Gharbia,All Areas,Zefta Social Insurance Qouran Association,30.71235434,31.24754813,Withdrawal Only
Al-Gharbia,All Areas,"The local unit, Sonbat",30.80125091,31.21020188,Withdrawal Only
Al-Gharbia,All Areas,The local unit shershaba Village -Zefta,30.79191647,31.16947357,"Withdrawal, Deposit, Exchange"
Al-Gharbia,All Areas,Zefta City Council 2,30.71318044,31.24311345,Withdrawal Only
Al-Gharbia,All Areas,Secondary school for girls in Manshah Al-Santa,30.73088075,31.11671518,Withdrawal Only
Al-Gharbia,All Areas,Zefta City Council,30.71317231,31.24322923,Withdrawal Only
Al-Gharbia,All Areas,Almahalla Alkobra City Council,30.97382083,31.16779823,Withdrawal Only
Al-Gharbia,All Areas,Benna Abosir Village - Samanoud gharbia,30.88240156,31.23455724,Withdrawal Only
Al-Gharbia,All Areas,Tanta Alahmadi Alazhar Religious Institute,30.78109064,30.99600392,Withdrawal Only
Al-Gharbia,All Areas,Meet Badr halawa youth center,30.84995542,31.23733932,Withdrawal Only
Al-Gharbia,All Areas,Almahala Alkobra Agricultural Administration,30.9847804,31.16051063,Withdrawal Only
Al-Gharbia,All Areas,Teachers Syndicate Club in Samannoud,30.96170513,31.24650627,Withdrawal Only
Al-Gharbia,All Areas,Samanoud Health Administration,30.96596881,31.24873192,Withdrawal Only
Al-Gharbia,All Areas,Alshahid Mohamed Mahmoud Khairy Albadrawy  School Samanoud,30.96349337,31.24265613,Withdrawal Only
Al-Gharbia,All Areas,Mahalla Liver Hospital,30.95132688,31.15007172,Withdrawal Only
Al-Gharbia,All Areas,Almahala Alkobra General Hospital,30.9765346,31.17537475,Withdrawal Only
Al-Gharbia,All Areas,Almahala Thany District,30.95876951,31.16819124,Withdrawal Only
Al-Gharbia,All Areas,Almahala Awel District,30.97440999,31.1700527,Withdrawal Only
Al-Gharbia,All Areas,kafr Alzaiat Health Administration,30.82634766,30.81811673,Withdrawal Only
Al-Gharbia,All Areas,Kafr Alzaiat Company for Pesticides and Chemicals,30.82991578,30.8111978,Withdrawal Only
Al-Gharbia,All Areas,Kafr Alzayat General Hospital,30.82023673,30.81920027,Withdrawal Only
Al-Gharbia,All Areas,Qutour Central Hospital,30.97712953,30.95726383,Withdrawal Only
Al-Gharbia,All Areas,"Azhari Institute for Girls, Tanta",30.78983568,30.99066344,Withdrawal Only
Al-Gharbia,All Areas,Orouba Mall - Carrefour Tanta,30.80423864,31.02322083,Withdrawal Only
Al-Gharbia,All Areas,Faculty of Specific Education Tanta,30.79397192,31.00686315,Withdrawal Only
Al-Gharbia,All Areas,Tanta University Administration 2,30.7957389,30.99877817,Withdrawal Only
Al-Gharbia,All Areas,West Tanta Educational Administration,30.78998351,30.99128595,Withdrawal Only
Al-Gharbia,All Areas,Tanta Azhar Area,30.77941184,30.98681621,Withdrawal Only
Al-Gharbia,All Areas,Tanta General Medical Center,30.79382197,31.00192247,Withdrawal Only
Al-Gharbia,All Areas,Directorate of Education Tanta,30.783461,30.9895746,Withdrawal Only
Al-Gharbia,All Areas,Tanta sales taxes,30.80322412,30.99626516,Withdrawal Only
Al-Gharbia,All Areas,Ahmed Maher Tanta,30.786634,30.998089,Withdrawal Only
Al-Gharbia,All Areas,Tanta University Administration,30.7961301,30.99893496,Withdrawal Only
Al-Gharbia,All Areas,Faculty of Science Tanta University,30.8011309,30.99219252,Withdrawal Only
Al-Gharbia,All Areas,The tasks of the armed forces in Tanta 2,30.7855282,30.97898777,Withdrawal Only
Al-Gharbia,All Areas,Armed Forces Missions Factory 1,30.78571856,30.97899967,Withdrawal Only
Al-Gharbia,All Areas,Middle and West Delta Mills Company,30.78020191,31.01075553,Withdrawal Only
Al-Gharbia,Basyoun,Basyoun,30.9390654750001,30.813989759,Withdrawal -Deposit – Forex
Al-Gharbia,Basyoun,Basyoun,30.9405938940001,30.8213723280001,Withdrawal
Al-Gharbia,Basyoun,Basyoun,30.9403854890001,30.820415471,Withdrawal
Al-Gharbia,Basyoun,Tamwely Basioun,30.939667,30.805887,"Withdrawal, Deposit, Exchange"
Al-Gharbia,Basyoun,Almahatta Mosque (Basyoun),30.94038549,30.82041547,Withdrawal Only
Al-Gharbia,Basyoun,Basion Educational Administration,30.94059389,30.82137233,Withdrawal Only
Al-Gharbia,El Santa,El Santa,30.7308807470001,31.116715175,Withdrawal
Al-Gharbia,El Santa,El Santa,30.727438013,31.1210411500001,Withdrawal -Deposit – Forex
Al-Gharbia,El Santa,Secondary school for girls in Manshah Al-Santa,30.73088075,31.11671518,Withdrawal Only
Al-Gharbia,Kafr El Zayat,Kafr El Zayat,30.8263476600001,30.8181167330001,Withdrawal
Al-Gharbia,Kafr El Zayat,Kafr El Zayat,30.829915784,30.8111978040001,Withdrawal
Al-Gharbia,Kafr El Zayat,Kafr El Zayat,30.823855442,30.8116677130001,Withdrawal
Al-Gharbia,Kafr El Zayat,Kafr El Zayat,30.825646883,30.817476508,Withdrawal
Al-Gharbia,Kafr El Zayat,Kafr El Zayat,30.8202367260001,30.819200267,Withdrawal
Al-Gharbia,Kafr El Zayat,kafr Alzaiat Health Administration,30.82634766,30.81811673,Withdrawal Only
Al-Gharbia,Kafr El Zayat,Kafr Alzaiat Company for Pesticides and Chemicals,30.82991578,30.8111978,Withdrawal Only
Al-Gharbia,Kafr El Zayat,Kafr Alzayat General Hospital,30.82023673,30.81920027,Withdrawal Only
Al-Gharbia,Kotoor,Kotoor,30.9707059940001,30.956907895,Withdrawal
Al-Gharbia,Kotoor,Kotoor,30.966970197,30.957120021,Withdrawal
Al-Gharbia,Kotoor,Kotoor,30.9771295250001,30.9572638330001,Withdrawal
Al-Gharbia,Kotoor,Kotoor,30.9449933870001,30.961422412,Withdrawal
Al-Gharbia,Kotoor,Beltag Local Unit,31.00002271,30.98920359,"withdraw, deposit and exchange		"
Al-Gharbia,Kotoor,Zahra Girls Secondary Institute in Damat - Qutour Center,30.94499339,30.96142241,Withdrawal Only
Al-Gharbia,Kotoor,Qutour Central Hospital,30.97712953,30.95726383,Withdrawal Only
Al-Gharbia,Samanoud,Samanoud,30.96596881,31.2487319190001,Withdrawal
Al-Gharbia,Samanoud,Samanoud,30.9593429940001,31.24424078,Withdrawal -Deposit – Forex
Al-Gharbia,Samanoud,Samanoud,30.8824015610001,31.234557243,Withdrawal
Al-Gharbia,Samanoud,Samanoud,30.9634933680001,31.242656133,Withdrawal
Al-Gharbia,Samanoud,Samanoud,30.8499554220001,31.23733932,Withdrawal
Al-Gharbia,Samanoud,Samanoud,30.961705125,31.2465062690001,Withdrawal
Al-Gharbia,Samanoud,Babousir local unit,30.88308183,31.23417071,Withdrawal Only
Al-Gharbia,Samanoud,Tamwely Samanoud,30.961457,31.244514,"Withdrawal, Deposit, Exchange"
Al-Gharbia,Samanoud,Benna Abosir Village - Samanoud gharbia,30.88240156,31.23455724,Withdrawal Only
Al-Gharbia,Samanoud,Meet Badr halawa youth center,30.84995542,31.23733932,Withdrawal Only
Al-Gharbia,Samanoud,Teachers Syndicate Club in Samannoud,30.96170513,31.24650627,Withdrawal Only
Al-Gharbia,Samanoud,Samanoud Health Administration,30.96596881,31.24873192,Withdrawal Only
Al-Gharbia,Samanoud,Alshahid Mohamed Mahmoud Khairy Albadrawy  School Samanoud,30.96349337,31.24265613,Withdrawal Only
Al-Gharbia,Tanta,Tanta,30.793821973,31.001922474,Withdrawal
Al-Gharbia,Tanta,Tanta,30.7898356810001,30.990663435,Withdrawal
Al-Gharbia,Tanta,Tanta,30.7794118420001,30.986816214,Withdrawal
Al-Gharbia,Tanta,Tanta,30.881982828,30.9652463300001,Withdrawal
Al-Gharbia,Tanta,Tanta,30.796130104,30.9989349580001,Withdrawal
Al-Gharbia,Tanta,Tanta,30.795738898,30.9987781670001,Withdrawal
Al-Gharbia,Tanta,Tanta,30.789983509,30.991285953,Withdrawal
Al-Gharbia,Tanta,Tanta,30.7960556460001,30.9974189710001,Withdrawal
Al-Gharbia,Tanta,Tanta,30.8125989110001,31.005072704,Withdrawal
Al-Gharbia,Tanta,Tanta,30.8124308590001,31.0052190820001,Withdrawal
Al-Gharbia,Tanta,Tanta,30.8126163220001,31.0049659800001,Withdrawal
Al-Gharbia,Tanta,Tanta,30.7989614460001,30.997530612,Withdrawal
Al-Gharbia,Tanta,Tanta,30.7802019060001,31.0107555290001,Withdrawal
Al-Gharbia,Tanta,Tanta,30.8032241240001,30.996265162,Withdrawal
Al-Gharbia,Tanta,Tanta,30.7876106780001,30.999743123,Withdrawal
Al-Gharbia,Tanta,Tanta,30.7927614770001,30.990658588,Withdrawal -Deposit – Forex
Al-Gharbia,Tanta,Tanta,30.7926665260001,30.989111741,Withdrawal
Al-Gharbia,Tanta,Tanta,30.797873709,31.001332727,Withdrawal
Al-Gharbia,Tanta,Tanta,30.7922510070001,31.01074536,Withdrawal -Deposit – Forex
Al-Gharbia,Tanta,Tanta,30.79397192,31.0068631460001,Withdrawal
Al-Gharbia,Tanta,Tanta,30.801130895,30.992192522,Withdrawal
Al-Gharbia,Tanta,Tanta,30.783460996,30.9895746020001,Withdrawal
Al-Gharbia,Tanta,Tanta,30.7857185560001,30.978999667,Withdrawal
Al-Gharbia,Tanta,Tanta,30.781090643,30.9960039210001,Withdrawal
Al-Gharbia,Tanta,Tanta,30.7855281990001,30.9789877700001,Withdrawal
Al-Gharbia,Tanta,Tanta,30.8042386380001,31.023220832,Withdrawal -Deposit – Forex
Al-Gharbia,Tanta,Tanta,30.7850369830001,30.993630481,سحب فقط
Al-Gharbia,Tanta, South Of Delta Electricity distribution Co.2,30.812431,31.005219,withdrawal
Al-Gharbia,Tanta, South Of Delta Electricity distribution Co.3,30.812616,31.004966,
Al-Gharbia,Tanta,Misr Exchange Tanta,30.79322755,30.99561677,
Al-Gharbia,Tanta,Emaar Delta Mall,30.7968462,31.0020283,Withdrawal Only
Al-Gharbia,Tanta,Outlet Mall,30.79802088,31.00799245,"Withdrawal, Deposit, Exchange"
Al-Gharbia,Tanta,State Council Western Branch,30.79656463,30.99715466,"Withdrawal, Deposit, Exchange"
Al-Gharbia,Tanta,Hyper Casa,30.79273748,30.97869675,"Withdrawal, Deposit, Exchange"
Al-Gharbia,Tanta,Health Unit Fisha Selim,30.76841357,30.96798253,"Withdrawal, Deposit, Exchange"
Al-Gharbia,Tanta,Tanta train station,30.78243677,30.99414487,"Withdrawal, Deposit, Exchange"
Al-Gharbia,Tanta,The local unit of the village of Kafr Kila Al-Bab,30.69038305,31.14258493,"Withdrawal, Deposit, Exchange"
Al-Gharbia,Tanta,Tanta Judges Club,30.78503698,30.99363048,"Withdrawal, Deposit, Exchange"
Al-Gharbia,Tanta,The local unit Mahalet Menouf -Tanta Sector,30.88198283,30.96524633,Withdrawal Only
Al-Gharbia,Tanta,Tanta Electricity Company,30.79896145,30.99753061,Withdrawal Only
Al-Gharbia,Tanta,Tanta Alahmadi Alazhar Religious Institute,30.78109064,30.99600392,Withdrawal Only
Al-Gharbia,Tanta,"Azhari Institute for Girls, Tanta",30.78983568,30.99066344,Withdrawal Only
Al-Gharbia,Tanta,Orouba Mall - Carrefour Tanta,30.80423864,31.02322083,Withdrawal Only
Al-Gharbia,Tanta,Faculty of Specific Education Tanta,30.79397192,31.00686315,Withdrawal Only
Al-Gharbia,Tanta,Tanta University Administration 2,30.7957389,30.99877817,Withdrawal Only
Al-Gharbia,Tanta,West Tanta Educational Administration,30.78998351,30.99128595,Withdrawal Only
Al-Gharbia,Tanta,Tanta Azhar Area,30.77941184,30.98681621,Withdrawal Only
Al-Gharbia,Tanta,Tanta General Medical Center,30.79382197,31.00192247,Withdrawal Only
Al-Gharbia,Tanta,Directorate of Education Tanta,30.783461,30.9895746,Withdrawal Only
Al-Gharbia,Tanta,Tanta sales taxes,30.80322412,30.99626516,Withdrawal Only
Al-Gharbia,Tanta,Ahmed Maher Tanta,30.786634,30.998089,Withdrawal Only
Al-Gharbia,Tanta,Tanta University Administration,30.7961301,30.99893496,Withdrawal Only
Al-Gharbia,Tanta,Faculty of Science Tanta University,30.8011309,30.99219252,Withdrawal Only
Al-Gharbia,Tanta,The tasks of the armed forces in Tanta 2,30.7855282,30.97898777,Withdrawal Only
Al-Gharbia,Tanta,Armed Forces Missions Factory 1,30.78571856,30.97899967,Withdrawal Only
Al-Gharbia,Tanta,Middle and West Delta Mills Company,30.78020191,31.01075553,Withdrawal Only
Al-Gharbia,Zefta,Zefta,30.7141342780001,31.249046256,Withdrawal
Al-Gharbia,Zefta,Zefta,30.712354335,31.2475481270001,Withdrawal
Al-Gharbia,Zefta,Zefta,30.8012509120001,31.210201883,Withdrawal
Al-Gharbia,Zefta,Zefta,30.791916465,31.1694735740001,Withdrawal
Al-Gharbia,Zefta,Zefta,30.699860938,31.2527135600001,Withdrawal
Al-Gharbia,Zefta,Zefta,30.7103499680001,31.250367184,Withdrawal -Deposit – Forex
Al-Gharbia,Zefta,Zefta,30.7131723090001,31.2432292330001,Withdrawal
Al-Gharbia,Zefta,Zefta,30.7131804410001,31.243113448,Withdrawal
Al-Gharbia,Zefta,The local unit of the village of Shabramles,30.84702629,31.1974472,"Withdrawal, Deposit, Exchange"
Al-Gharbia,Zefta,Zefta Social Insurance Qouran Association,30.71235434,31.24754813,Withdrawal Only
Al-Gharbia,Zefta,"The local unit, Sonbat",30.80125091,31.21020188,Withdrawal Only
Al-Gharbia,Zefta,The local unit shershaba Village -Zefta,30.79191647,31.16947357,"Withdrawal, Deposit, Exchange"
Al-Gharbia,Zefta,Zefta City Council 2,30.71318044,31.24311345,Withdrawal Only
Al-Gharbia,Zefta,Zefta City Council,30.71317231,31.24322923,Withdrawal Only
Al-Menia,Abu Kerkas,Abu Kerkas,27.9347807450001,30.8193742980001,Withdrawal
Al-Menia,Abu Kerkas,Abu Kerkas,27.9320070300001,30.8213226450001,Withdrawal -Deposit – Forex
Al-Menia,Abu Kerkas,Abu Kerkas,27.925662227,30.8193037500001,Withdrawal
Al-Menia,Abu Kerkas,Abu Kerkas,27.939474368,30.823623221,Withdrawal
Al-Menia,Abu Kerkas,Abu Kerkas,27.92801188,30.8194612190001,Withdrawal
Al-Menia,Abu Kerkas,Abu Qurqas Train Station,27.93002254,30.82199295,full function
Al-Menia,Abu Kerkas,Tanmiah Balansoura,27.92024435,30.69838252,full function
Al-Menia,Abu Kerkas,Tanmiah Alfekria,27.93174553,30.83314367,full function
Al-Menia,Abu Kerkas,Abo Qurqas City Council,27.93947437,30.82362322,full function 
Al-Menia,Abu Kerkas,Abo Qorqas Educational Administration,27.93478075,30.8193743,full function
Al-Menia,Abu Kerkas,Abu Qurqas Police Station,27.92801188,30.81946122,full function 
Al-Menia,Abu Kerkas,Abu Qurqas sugar,27.92566223,30.81930375,full function
Al-Menia,All Areas,ElMenia,28.117890039,30.7425745530001,Withdrawal
Al-Menia,All Areas,ElMenia,28.089656618,30.76313344,Withdrawal
Al-Menia,All Areas,Matai,28.4217487130001,30.7903021320001,Withdrawal
Al-Menia,All Areas,ElMenia,28.091863007,30.7633521130001,Withdrawal
Al-Menia,All Areas,Malawi,27.7372102890001,30.8451006920001,Withdrawal
Al-Menia,All Areas,Abu Kerkas,27.9347807450001,30.8193742980001,Withdrawal
Al-Menia,All Areas,ElMenia,28.0950357620001,30.757416764,Withdrawal
Al-Menia,All Areas,ElMenia,28.097693215,30.7552714380001,Withdrawal -Deposit – Forex
Al-Menia,All Areas,Almenia Algadida,28.083596696,30.8034731700001,Withdrawal -Deposit – Forex
Al-Menia,All Areas,ElMenia,28.0963228910001,30.7595054390001,Withdrawal
Al-Menia,All Areas,Samalut,28.3880059970001,30.671699399,Withdrawal
Al-Menia,All Areas,Maghagha,28.610076765,30.686613994,Withdrawal
Al-Menia,All Areas,Almenia Algadida,28.1004429820001,30.798804267,Withdrawal
Al-Menia,All Areas,Abu Kerkas,27.9320070300001,30.8213226450001,Withdrawal -Deposit – Forex
Al-Menia,All Areas,Bani Mazar,28.4949582730001,30.8057060580001,Withdrawal
Al-Menia,All Areas,Abu Kerkas,27.925662227,30.8193037500001,Withdrawal
Al-Menia,All Areas,Samalut,28.315449481,30.711243301,Withdrawal
Al-Menia,All Areas,Almenia Algadida,28.07942301,30.821861213,Withdrawal
Al-Menia,All Areas,Deir Mawas,27.643000692,30.8549804090001,Withdrawal -Deposit – Forex
Al-Menia,All Areas,ElMenia,28.1003988520001,30.753547541,Withdrawal -Deposit – Forex
Al-Menia,All Areas,Malawi,27.7342840160001,30.8450722860001,Withdrawal -Deposit – Forex
Al-Menia,All Areas,Eledwa,28.6984875370001,30.773061914,Withdrawal
Al-Menia,All Areas,Malawi,27.7352365260001,30.8432883520001,Withdrawal
Al-Menia,All Areas,ElMenia,28.109147643,30.751661599,Withdrawal
Al-Menia,All Areas,ElMenia,28.1135770170001,30.7492160520001,Withdrawal
Al-Menia,All Areas,Eledwa,28.692953753,30.776680185,Withdrawal
Al-Menia,All Areas,Abu Kerkas,27.939474368,30.823623221,Withdrawal
Al-Menia,All Areas,Bani Mazar,28.5039206540001,30.802301379,Withdrawal
Al-Menia,All Areas,Matai,28.4210857900001,30.7900833470001,Withdrawal
Al-Menia,All Areas,Matai,28.421067325,30.7901148020001,Withdrawal
Al-Menia,All Areas,ElMenia,28.096591345,30.754056276,Withdrawal
Al-Menia,All Areas,Malawi,27.738481581,30.8425392030001,Withdrawal
Al-Menia,All Areas,Maghagha,28.647182995,30.8459590030001,Withdrawal
Al-Menia,All Areas,Eledwa,28.7011932460001,30.7724831990001,Withdrawal
Al-Menia,All Areas,Bani Mazar,28.4949270910001,30.8130910130001,Withdrawal
Al-Menia,All Areas,Maghagha,28.648278438,30.8451313360001,Withdrawal
Al-Menia,All Areas,ElMenia,28.12142828,30.741638794,Withdrawal
Al-Menia,All Areas,ElMenia,28.098105436,30.7594084900001,Withdrawal
Al-Menia,All Areas,Eledwa,28.695297365,30.7726324820001,Withdrawal
Al-Menia,All Areas,Abu Kerkas,27.92801188,30.8194612190001,Withdrawal
Al-Menia,All Areas,Bani Mazar,28.4974699420001,30.8044677280001,Withdrawal
Al-Menia,All Areas,Samalut,28.2977896730001,30.7171691030001,Withdrawal
Al-Menia,All Areas,Maghagha,28.6477960730001,30.8442724490001,Withdrawal
Al-Menia,All Areas,Maghagha,28.655230117,30.8313282080001,Withdrawal
Al-Menia,All Areas,Malawi,27.7309090960001,30.840153145,Withdrawal
Al-Menia,All Areas,ElMenia,28.095966108,30.761999471,Withdrawal
Al-Menia,All Areas,Matai,28.419898179,30.7884661900001,Withdrawal -Deposit – Forex
Al-Menia,All Areas,ElMenia,28.0916830780001,30.7644407980001,Withdrawal
Al-Menia,All Areas,Maghagha,28.649735951,30.8393378100001,Withdrawal
Al-Menia,All Areas,Malawi,27.736525762,30.8475742740001,Withdrawal
Al-Menia,All Areas,ElMenia,28.102256808,30.7529503800001,Withdrawal
Al-Menia,All Areas,Almenia Algadida,28.092725639,30.8118523910001,Withdrawal
Al-Menia,All Areas,ElMenia,28.092869835,30.7649609870001,Withdrawal
Al-Menia,All Areas,Tamwely Maghagha,28.65020127,30.84215794,Withdrawal-Deposit-Exchange
Al-Menia,All Areas,Tamwely Bani mazar,28.49436977,30.8070144,Withdrawal-Deposit-Exchange
Al-Menia,All Areas,Tamwely Malawy,27.73837057,30.84180088,Withdrawal-Deposit-Exchange
Al-Menia,All Areas,Misr Exchange matay,28.42056544,30.78749442,Withdrawal
Al-Menia,All Areas,Al Salam Preparatory School for Boys,28.09370559,30.74946632,Withdrawal
Al-Menia,All Areas,Bani Mohamed Soltan Local Unit,28.07024581,30.7823452,Withdrawal
Al-Menia,All Areas,Bani Mazar Health Insurance,28.50840318,30.79868478,Withdraw - Deposit - Exchange
Al-Menia,All Areas,Tamwely Deir Mawas,27.64422897,30.85639037,Withdraw - Deposit - Exchange
Al-Menia,All Areas,Algomhoria School,28.0876933,30.74981039,Withdrawal
Al-Menia,All Areas,Misr Exchange bani Mazar,28.49916009,30.80536275,Withdrawal
Al-Menia,All Areas,Alidwa Police Office,28.6954099,30.77332348,Withdrawal
Al-Menia,All Areas,Samalout Health Unit,28.32486602,30.70802829,Withdraw - Deposit - Exchange
Al-Menia,All Areas,Samalout Local Unit,28.313739,30.71296808,Withdraw - Deposit - Exchange
Al-Menia,All Areas,"One-day surgery hospital, Samalout",28.31058377,30.73588709,Withdraw - Deposit - Exchange
Al-Menia,All Areas,Al-Fashn Train Station,28.82314979,30.90352375,withdrawal
Al-Menia,All Areas,Abu Qurqas Train Station,27.93002254,30.82199295,full function
Al-Menia,All Areas,Tanmiah Balansoura,27.92024435,30.69838252,full function
Al-Menia,All Areas,Tanmiah Alfekria,27.93174553,30.83314367,full function
Al-Menia,All Areas,Abo Qurqas City Council,27.93947437,30.82362322,full function 
Al-Menia,All Areas,Abo Qorqas Educational Administration,27.93478075,30.8193743,full function
Al-Menia,All Areas,Abu Qurqas Police Station,27.92801188,30.81946122,full function 
Al-Menia,All Areas,Abu Qurqas sugar,27.92566223,30.81930375,full function
Al-Menia,All Areas,Tanmiah Alshikh Masoud,28.65456863,30.68819088,full function
Al-Menia,All Areas,Tanmiah Alidwa,28.70218368,30.77195333,full function
